Olivia Chen,Innovate Inc.,123 Maple St,,Sunnyvale,CA,94086
Benjamin Carter,Tech Solutions,456 Oak Ave,,Austin,TX,78701
Sophia Rodriguez,Quantum Corp,789 Pine Ln,,Springfield,IL,62704
Liam Goldberg,Apex Industries,101 Cedar Ct,,Portland,OR,97209
Ava Nguyen,Starlight Co,212 Elm Dr,,Miami,FL,33132
Noah Patel,BlueWave LLC,333 Birch Rd,,Denver,CO,80202
Isabella Martinez,NextGen Systems,444 Spruce Way,,Seattle,WA,98101
Lucas Williams,Helios Creations,555 Willow Creek,,Boston,MA,02110
Mia Kim,Innovate Inc.,667 Maple St,,Sunnyvale,CA,94086
Jackson Brown,Tech Solutions,778 Oak Ave,,Austin,TX,78701
Amelia Jones,Quantum Corp,889 Pine Ln,,Springfield,IL,62704
Aiden Garcia,Apex Industries,990 Cedar Ct,,Portland,OR,97209
Harper Miller,Starlight Co,111 Elm Dr,,Miami,FL,33132
Elijah Davis,BlueWave LLC,222 Birch Rd,,Denver,CO,80202
Evelyn Wilson,NextGen Systems,334 Spruce Way,,Seattle,WA,98101
Logan Moore,Helios Creations,445 Willow Creek,,Boston,MA,02110
Abigail Taylor,Innovate Inc.,556 Maple St,,Sunnyvale,CA,94086
Mason Anderson,Tech Solutions,667 Oak Ave,,Austin,TX,78701
